{
  "train_loss": [
    9261.353386201054,
    8424.771781461784,
    7282.582913685994,
    5742.068238775414,
    4296.117246329066,
    2959.8211258118413,
    2111.8760574524663,
    1614.0742408109,
    1335.6210033003106,
    1129.6655280791133,
    1041.3479952524945,
    826.2190592202795,
    654.8122260771602,
    583.7922377988516,
    535.2873222626836,
    567.1737865769719,
    523.8845045710184,
    566.8700565200254,
    513.9055418451148,
    515.7801054069795,
    511.3512100771249,
    496.4758517713432,
    542.1632616893355,
    514.4642819324172,
    487.99043568071113,
    501.0110276923122,
    487.4470111892884,
    466.0731752694371,
    535.9098227627306,
    500.5354639995529,
    470.4758468076407,
    468.03841299034025,
    448.3944082604833,
    495.72169200483575,
    459.9555097832737,
    444.90217608716114,
    456.3458303428558,
    451.0601953713291,
    454.50557239946113,
    442.37932890007295,
    424.6987387415874,
    434.18435338031816,
    468.29953168386436,
    422.5509989175452,
    449.8358292177499
  ],
  "val_loss": [
    8731.206298828125,
    8013.630562918527,
    6325.535993303572,
    4267.820225306919,
    3728.3444475446427,
    2487.0382167271205,
    1631.9511151994977,
    1302.3828996930804,
    1172.8737204415459,
    939.4458683558872,
    859.0244772774832,
    535.0077133178711,
    523.055193219866,
    539.9289583478655,
    482.31527818952287,
    469.61859348842074,
    468.7208562578474,
    459.84787096296037,
    450.7468365260533,
    458.7427411760603,
    466.1718324933733,
    467.74144199916293,
    482.2175603594099,
    457.4245071411133,
    447.09868240356445,
    451.65824236188615,
    448.41463470458984,
    460.902332850865,
    470.521603175572,
    482.9902082170759,
    466.12143162318637,
    474.39480427333285,
    460.1061107090541,
    464.00516183035717,
    469.6129809788295,
    493.057859148298,
    450.8451483590262,
    470.02798352922713,
    449.2984995160784,
    462.6690455845424,
    457.04969569614957,
    459.11911283220564,
    481.97146388462613,
    459.57535226004467,
    459.68078068324496
  ],
  "training_time": 5.318232536315918
}