{
  "best_params": {
    "hidden_sizes": [
      512,
      256,
      128,
      64
    ],
    "dropout_rate": 0.3,
    "learning_rate": 0.01,
    "batch_size": 32,
    "epochs": 100
  },
  "validation_score": 0.8696438475864805,
  "test_score": 0.8711528368892443,
  "test_rmse": 19.952434539794922
}